"positive_genes_cui","positive_genes_label","features","features_to_remove","unknown_genes_cui","unknown_genes_label"
"C1414209","DYSF gene","C0023212","C0005578","C1412137","ACTA2 gene"
"C1414209","DYSF gene","C0023212","C0005578","C1419216","KIF20A gene"
"C1414209","DYSF gene","C0023212","C0005578","C1423020","GTPBP3 gene"
"C1414209","DYSF gene","C0023212","C0005578","C1414899","GAA gene"
"C1414209","DYSF gene","C0023212","C0005578","C1826654","PPCS gene"
"C1414209","DYSF gene","C0023212","C0005578","C1420009","SGCG gene"
"C1414209","DYSF gene","C0023212","C0005578","C1537558","LDLRAP1 gene"
"C1414209","DYSF gene","C0023212","C0005578","C1425226","FKRP gene"
"C1414209","DYSF gene","C0023212","C0005578","C1422255","ABCG5 gene"
"C1414209","DYSF gene","C0023212","C0005578","C1422256","ABCG8 gene"
"C1414209","DYSF gene","C0023212","C0005578","C1418752","POMT1 gene"
"C1414209","DYSF gene","C0023212","C0005578","C1416776","LAMA2 gene"
"C1414209","DYSF gene","C0023212","C0005578","C1426379","POMT2 gene"
"C1414209","DYSF gene","C0023212","C0005578","C1415031","GDF1 gene"
"C1414209","DYSF gene","C0023212","C0005578","C1335833","SLC25A4 gene"
"C1414209","DYSF gene","C0023212","C0005578","C1420609","TBX20 gene"
"C1414209","DYSF gene","C0023212","C0005578","C1366529","LDLR gene"
"C1414209","DYSF gene","C0023212","C0005578","C1420826","TNNI3 gene"
"C1414209","DYSF gene","C0023212","C0005578","C1424883","RRM2B gene"
"C1414209","DYSF gene","C0023212","C0005578","C1423674","LDB3 gene"
"C1414209","DYSF gene","C0023212","C0005578","C1413430","CITED2 gene"
"C1414209","DYSF gene","C0023212","C0005578","C1421109","TRDN gene"
"C1414209","DYSF gene","C0023212","C0005578","C0694897","VHL gene"
"C1414209","DYSF gene","C0023212","C0005578","C1412471","APOB gene"
"C1414209","DYSF gene","C0023212","C0005578","C1414637","FLNC gene"
"C1414209","DYSF gene","C0023212","C0005578","C1412081","ABCC6 gene"
"C1414209","DYSF gene","C0023212","C0005578","C1414493","EYA4 gene"
"C1414209","DYSF gene","C0023212","C0005578","C1413135","CASQ2 gene"
"C1414209","DYSF gene","C0023212","C0005578","C1426592","PCSK9 gene"
"C1414209","DYSF gene","C0023212","C0005578","C1412709","B2M gene"
"C1414209","DYSF gene","C0023212","C0005578","C1420758","TLL1 gene"
"C1414209","DYSF gene","C0023212","C0005578","C1419779","RYR2 gene"
"C1414209","DYSF gene","C0023212","C0005578","C1418732","POLG2 gene"
"C1414209","DYSF gene","C0023212","C0005578","C1417541","MYH6 gene"
"C1414209","DYSF gene","C0023212","C0005578","C1414996","GATA6 gene"
"C1414209","DYSF gene","C0023212","C0005578","C1420828","TNNT2 gene"
"C1414209","DYSF gene","C0023212","C0005578","C1414085","DMPK gene"
"C1414209","DYSF gene","C0023212","C0005578","C1825843","ACTC1 gene"
"C1414209","DYSF gene","C0023212","C0005578","C1418458","TWNK gene"
"C1414209","DYSF gene","C0023212","C0005578","C1421586","ZMPSTE24 gene"
"C1414209","DYSF gene","C0023212","C0005578","C1419906","SDHA gene"
"C1414209","DYSF gene","C0023212","C0005578","C1416877","LMNA gene"
"C1414209","DYSF gene","C0023212","C0005578","C1428017","MYPN gene"
"C1414209","DYSF gene","C0023212","C0005578","C1418731","POLG gene"
"C1414209","DYSF gene","C0023212","C0005578","C1422337","PRDM16 gene"
"C1414209","DYSF gene","C0023212","C0005578","C1419909","SDHD gene"
"C1414209","DYSF gene","C0023212","C0005578","C0919538","TGFBR2 gene"
"C1414209","DYSF gene","C0023212","C0005578","C1334539","MYLK gene"
"C1414209","DYSF gene","C0023212","C0005578","C1414995","GATA4 gene"
"C1414209","DYSF gene","C0023212","C0005578","C1413784","NKX2-5 gene"
"C1414209","DYSF gene","C0023212","C0005578","C1334349","LOX gene"
"C1414209","DYSF gene","C0023212","C0005578","C1421222","TTN gene"
"C1414209","DYSF gene","C0023212","C0005578","C1414407","ENPP1 gene"
"C1414209","DYSF gene","C0023212","C0005578","C1424725","TAB2 gene"
"C1414209","DYSF gene","C0023212","C0005578","C1336622","TGFB3 gene"
"C1414209","DYSF gene","C0023212","C0005578","C1336659","TOP3A gene"
"C1414209","DYSF gene","C0023212","C0005578","C1419907","SDHB gene"
"C1414209","DYSF gene","C0023212","C0005578","C0694891","SMAD4 gene"
"C1414209","DYSF gene","C0023212","C0005578","C2748512","SDHAF1 gene"
"C1414209","DYSF gene","C0023212","C0005578","C1418929","PRKG1 gene"
"C1414209","DYSF gene","C0023212","C0005578","C1417542","MYH7 gene"
"C1414209","DYSF gene","C0023212","C0005578","C1428886","MFAP5 gene"
"C1414209","DYSF gene","C0023212","C0005578","C1334538","MYH11 gene"
"C1414209","DYSF gene","C0023212","C0005578","C1414382","ELN gene"
"C1414209","DYSF gene","C0023212","C0005578","C1826521","OTUD5 gene"
"C1414209","DYSF gene","C0023212","C0005578","C1336621","TGFB2 gene"
"C1414209","DYSF gene","C0023212","C0005578","C1414542","FBN1 gene"
"C1414209","DYSF gene","C0023212","C0005578","C1336624","TGFBR1 gene"
"C1414209","DYSF gene","C0023212","C0005578","C1417039","MAT2A gene"
"C1414209","DYSF gene","C0023212","C0005578","C1414676","FOXE3 gene"
"C1414209","DYSF gene","C0023212","C0005578","C0919432","SMAD3 gene"
"C1414209","DYSF gene","C0023212","C0005578","C1414209","DYSF gene"
"C1414209","DYSF gene","C4020858","C0005578","C1416602","KCNMA1 gene"
"C1414209","DYSF gene","C4020858","C0005578","C1412112","ACAT2 gene"
"C1414209","DYSF gene","C4020858","C0005578","C1421450","EZR gene"
"C1414209","DYSF gene","C4020858","C0005578","C1336564","TAF1 gene"
"C1414209","DYSF gene","C4020858","C0005578","C1824746","CLIP1 gene"
"C1414209","DYSF gene","C4020858","C0005578","C1418437","PDHA1 gene"
"C1414209","DYSF gene","C4020858","C0005578","C1420173","SLC2A3 gene"
"C1414209","DYSF gene","C4020858","C0005578","C1825528","HSD17B10 gene"
"C1414209","DYSF gene","C4020858","C0005578","C1417620","NDUFA1 gene"
"C1414209","DYSF gene","C4020858","C0005578","C1423591","TRIM8 gene"
"C1414209","DYSF gene","C4020858","C0005578","C1413453","CLCN4 gene"
"C1414209","DYSF gene","C4020858","C0005578","C1420484","CDKL5 gene"
"C1414209","DYSF gene","C4020858","C0005578","C1420521","SUOX gene"
"C1414209","DYSF gene","C4020858","C0005578","C1413147","MICU1 gene"
"C1414209","DYSF gene","C4020858","C0005578","C1538312","B3GALNT2 gene"
"C1414209","DYSF gene","C4020858","C0005578","C1413943","DDC gene"
"C1414209","DYSF gene","C4020858","C0005578","C1422095","FBXL4 gene"
"C1414209","DYSF gene","C4020858","C0005578","C1442498","IREB2 gene"
"C1414209","DYSF gene","C4020858","C0005578","C1539863","ST3GAL5 gene"
"C1414209","DYSF gene","C4020858","C0005578","C1824754","CLPB gene"
"C1414209","DYSF gene","C4020858","C0005578","C2681323","NAXD gene"
"C1414209","DYSF gene","C4020858","C0005578","C1823929","ZC3H14 gene"
"C1414209","DYSF gene","C4020858","C0005578","C1419182","QDPR gene"
"C1414209","DYSF gene","C4020858","C0005578","C1414963","GAMT gene"
"C1414209","DYSF gene","C4020858","C0005578","C1412553","ARSA gene"
"C1414209","DYSF gene","C4020858","C0005578","C1422390","FMN2 gene"
"C1414209","DYSF gene","C4020858","C0005578","C1429011","ATP5MK gene"
"C1414209","DYSF gene","C4020858","C0005578","C1418417","PDE2A gene"
"C1414209","DYSF gene","C4020858","C0005578","C1418385","CHMP1A gene"
"C1414209","DYSF gene","C4020858","C0005578","C2681299","METTL23 gene"
"C1414209","DYSF gene","C4020858","C0005578","C1414812","FXN gene"
"C1414209","DYSF gene","C4020858","C0005578","C1422429","PIGQ gene"
"C1414209","DYSF gene","C4020858","C0005578","C1421634","ZNF142 gene"
"C1414209","DYSF gene","C4020858","C0005578","C1417895","NUP62 gene"
"C1414209","DYSF gene","C4020858","C0005578","C2239920","SEPSECS gene"
"C1414209","DYSF gene","C4020858","C0005578","C1538647","PIK3R5 gene"
"C1414209","DYSF gene","C4020858","C0005578","C1423885","APTX gene"
"C1414209","DYSF gene","C4020858","C0005578","C1332782","MED23 gene"
"C1414209","DYSF gene","C4020858","C0005578","C2240335","CARS2 gene"
"C1414209","DYSF gene","C4020858","C0005578","C1417640","NDUFB8 gene"
"C1414209","DYSF gene","C4020858","C0005578","C1415294","GRIK2 gene"
"C1414209","DYSF gene","C4020858","C0005578","C1425067","TREM2 gene"
"C1414209","DYSF gene","C4020858","C0005578","C1822763","SLC45A1 gene"
"C1414209","DYSF gene","C4020858","C0005578","C1426128","LMAN2L gene"
"C1414209","DYSF gene","C4020858","C0005578","C1824539","CC2D1A gene"
"C1414209","DYSF gene","C4020858","C0005578","C1419129","PTS gene"
"C1414209","DYSF gene","C4020858","C0005578","C1424138","SLC19A3 gene"
"C1414209","DYSF gene","C4020858","C0005578","C1417504","MMUT gene"
"C1414209","DYSF gene","C4020858","C0005578","C1540077","TSEN2 gene"
"C1414209","DYSF gene","C4020858","C0005578","C1537681","MED25 gene"
"C1414209","DYSF gene","C4020858","C0005578","C1826586","PIGP gene"
"C1414209","DYSF gene","C4020858","C0005578","C1424550","TSEN15 gene"
"C1414209","DYSF gene","C4020858","C0005578","C1428997","TNIK gene"
"C1414209","DYSF gene","C4020858","C0005578","C1539861","ST3GAL3 gene"
"C1414209","DYSF gene","C4020858","C0005578","C1415269","GPR88 gene"
"C1414209","DYSF gene","C4020858","C0005578","C1826393","NDUFA13 gene"
"C1414209","DYSF gene","C4020858","C0005578","C3469918","COX20 gene"
"C1414209","DYSF gene","C4020858","C0005578","C1537575","LINS1 gene"
"C1414209","DYSF gene","C4020858","C0005578","C1539136","CRBN gene"
"C1414209","DYSF gene","C4020858","C0005578","C1415273","TECR gene"
"C1414209","DYSF gene","C4020858","C0005578","C1442771","UGDH gene"
"C1414209","DYSF gene","C4020858","C0005578","C1423817","NDUFAF5 gene"
"C1414209","DYSF gene","C4020858","C0005578","C2677743","TRAPPC9 gene"
"C1414209","DYSF gene","C4020858","C0005578","C1825432","GUF1 gene"
"C1414209","DYSF gene","C4020858","C0005578","C1426528","MYORG gene"
"C1414209","DYSF gene","C4020858","C0005578","C1412367","ALS2 gene"
"C1414209","DYSF gene","C4020858","C0005578","C1423536","MBOAT7 gene"
"C1414209","DYSF gene","C4020858","C0005578","C1418561","PIGC gene"
"C1414209","DYSF gene","C4020858","C0005578","C1419881","AIMP1 gene"
"C1414209","DYSF gene","C4020858","C0005578","C1427960","PNPT1 gene"
"C1414209","DYSF gene","C4020858","C0005578","C1420527","SURF1 gene"
"C1414209","DYSF gene","C4020858","C0005578","C1540079","TSEN54 gene"
"C1414209","DYSF gene","C4020858","C0005578","C1415352","GTPBP2 gene"
"C1414209","DYSF gene","C4020858","C0005578","C2681313","MICOS13 gene"
"C1414209","DYSF gene","C4020858","C0005578","C1420213","SLC6A3 gene"
"C1414209","DYSF gene","C4020858","C0005578","C1439306","CP gene"
"C1414209","DYSF gene","C4020858","C0005578","C1824104","DCAF17 gene"
"C1414209","DYSF gene","C4020858","C0005578","C1415009","GCDH gene"
"C1414209","DYSF gene","C4020858","C0005578","C1425023","NGLY1 gene"
"C1414209","DYSF gene","C4020858","C0005578","C1417645","NDUFS2 gene"
"C1414209","DYSF gene","C4020858","C0005578","C1413372","VPS13A gene"
"C1414209","DYSF gene","C4020858","C0005578","C1822751","SLC25A42 gene"
"C1414209","DYSF gene","C4020858","C0005578","C1824156","NDUFAF3 gene"
"C1414209","DYSF gene","C4020858","C0005578","C1426556","SLC25A22 gene"
"C1414209","DYSF gene","C4020858","C0005578","C1424210","MRM2 gene"
"C1414209","DYSF gene","C4020858","C0005578","C1417617","NDST1 gene"
"C1414209","DYSF gene","C4020858","C0005578","C1418967","PRSS12 gene"
"C1414209","DYSF gene","C4020858","C0005578","C1416994","MAN1B1 gene"
"C1414209","DYSF gene","C4020858","C0005578","C1539228","DCPS gene"
"C1414209","DYSF gene","C4020858","C0005578","C1424441","MRPS34 gene"
"C1414209","DYSF gene","C4020858","C0005578","C1825025","EDC3 gene"
"C1414209","DYSF gene","C4020858","C0005578","C1424342","FBXO31 gene"
"C1414209","DYSF gene","C4020858","C0005578","C1825958","MECR gene"
"C1414209","DYSF gene","C4020858","C0005578","C1417630","NDUFA9 gene"
"C1414209","DYSF gene","C4020858","C0005578","C1418975","PSAP gene"
"C1414209","DYSF gene","C4020858","C0005578","C1423814","PANK2 gene"
"C1414209","DYSF gene","C4020858","C0005578","C1540078","TSEN34 gene"
"C1414209","DYSF gene","C4020858","C0005578","C1413699","CRADD gene"
"C1414209","DYSF gene","C4020858","C0005578","C1423035","SPTBN4 gene"
"C1414209","DYSF gene","C4020858","C0005578","C1413066","CACNA2D2 gene"
"C1414209","DYSF gene","C4020858","C0005578","C1413005","SLC30A9 gene"
"C1414209","DYSF gene","C4020858","C0005578","C1420344","SPG11 gene"
"C1414209","DYSF gene","C4020858","C0005578","C1336692","TYROBP gene"
"C1414209","DYSF gene","C4020858","C0005578","C1417966","SIGMAR1 gene"
"C1414209","DYSF gene","C4020858","C0005578","C3471268","NADK2 gene"
"C1414209","DYSF gene","C4020858","C0005578","C1414062","DLAT gene"
"C1414209","DYSF gene","C4020858","C0005578","C1428945","TUSC3 gene"
"C1414209","DYSF gene","C4020858","C0005578","C1418624","PLA2G6 gene"
"C1414209","DYSF gene","C4020858","C0005578","C1413032","FRRS1L gene"
"C1414209","DYSF gene","C4020858","C0005578","C1539709","RSRC1 gene"
"C1414209","DYSF gene","C4020858","C0005578","C1418707","PNKP gene"
"C1414209","DYSF gene","C4020858","C0005578","C1424502","DHX30 gene"
"C1414209","DYSF gene","C4020858","C0005578","C1415504","HTT gene"
"C1414209","DYSF gene","C4020858","C0005578","C1416543","KCNA1 gene"
"C1414209","DYSF gene","C4020858","C0005578","C1421546","XPR1 gene"
"C1414209","DYSF gene","C4020858","C0005578","C1415012","GCH1 gene"
"C1414209","DYSF gene","C4020858","C0005578","C1420556","SYT1 gene"
"C1414209","DYSF gene","C4020858","C0005578","C1425762","RHOBTB2 gene"
"C1414209","DYSF gene","C4020858","C0005578","C1415288","GRIA2 gene"
"C1414209","DYSF gene","C4020858","C0005578","C1412629","ATP1A2 gene"
"C1414209","DYSF gene","C4020858","C0005578","C1414860","FUS gene"
"C1414209","DYSF gene","C4020858","C0005578","C1418706","PNKD gene"
"C1414209","DYSF gene","C4020858","C0005578","C1416638","KIF5A gene"
"C1414209","DYSF gene","C4020858","C0005578","C1337106","TBP gene"
"C1414209","DYSF gene","C4020858","C0005578","C1419873","SCO2 gene"
"C1414209","DYSF gene","C4020858","C0005578","C1424981","GJC2 gene"
"C1414209","DYSF gene","C4020858","C0005578","C1421419","VAMP2 gene"
"C1414209","DYSF gene","C4020858","C0005578","C1422484","JPH3 gene"
"C1414209","DYSF gene","C4020858","C0005578","C1539341","EIF2AK2 gene"
"C1414209","DYSF gene","C4020858","C0005578","C1422540","IRF2BPL gene"
"C1414209","DYSF gene","C4020858","C0005578","C1420126","SLC20A2 gene"
"C1414209","DYSF gene","C4020858","C0005578","C1418597","PITX3 gene"
"C1414209","DYSF gene","C4020858","C0005578","C1538298","ATXN1 gene"
"C1414209","DYSF gene","C4020858","C0005578","C1540211","ATN1 gene"
"C1414209","DYSF gene","C4020858","C0005578","C1420279","SIK1 gene"
"C1414209","DYSF gene","C4020858","C0005578","C1538299","ATXN2 gene"
"C1414209","DYSF gene","C4020858","C0005578","C1420371","SPR gene"
"C1414209","DYSF gene","C4020858","C0005578","C1822695","SETX gene"
"C1414209","DYSF gene","C4020858","C0005578","C1419857","SCN1B gene"
"C1414209","DYSF gene","C4020858","C0005578","C1412630","ATP1A3 gene"
"C1414209","DYSF gene","C4020858","C0005578","C1417955","OPA3 gene"
"C1414209","DYSF gene","C4020858","C0005578","C1418412","PDE10A gene"
"C1414209","DYSF gene","C4020858","C0005578","C1538303","ATXN7 gene"
"C1414209","DYSF gene","C4020858","C0005578","C1415146","GNAO1 gene"
"C1414209","DYSF gene","C4020858","C0005578","C1418941","PRNP gene"
"C1414209","DYSF gene","C4020858","C0005578","C1412444","AP2M1 gene"
"C1414209","DYSF gene","C4020858","C0005578","C1412224","ADCY5 gene"
"C1414209","DYSF gene","C4020858","C0005578","C1826724","PRRT2 gene"
"C1414209","DYSF gene","C4020858","C0005578","C1417684","NEUROD2 gene"
"C1414209","DYSF gene","C4020858","C0005578","C1415782","HSPD1 gene"
"C1414209","DYSF gene","C4020858","C0005578","C1414852","FTL gene"
"C1414209","DYSF gene","C4020858","C0005578","C1415632","HNMT gene"
"C1414209","DYSF gene","C4020858","C0005578","C1420799","TNFAIP3 gene"
"C1414209","DYSF gene","C4020858","C0005578","C0751995","PDGFB gene"
"C1414209","DYSF gene","C4020858","C0005578","C1421307","UBTF gene"
"C1414209","DYSF gene","C4020858","C0005578","C1418763","POU3F3 gene"
"C1414209","DYSF gene","C4020858","C0005578","C1419858","SCN2A gene"
"C1414209","DYSF gene","C4020858","C0005578","C1420368","SPOP gene"
"C1414209","DYSF gene","C4020858","C0005578","C1418568","PIGN gene"
"C1414209","DYSF gene","C4020858","C0005578","C2681145","CHAMP1 gene"
"C1414209","DYSF gene","C4020858","C0005578","C1412215","ADAR gene"
"C1414209","DYSF gene","C4020858","C0005578","C1425259","KDM5B gene"
"C1414209","DYSF gene","C4020858","C0005578","C1413762","CSNK2B gene"
"C1414209","DYSF gene","C4020858","C0005578","C1415493","HCFC1 gene"
"C1414209","DYSF gene","C4020858","C0005578","C1414909","GABRA2 gene"
"C1414209","DYSF gene","C4020858","C0005578","C1337030","XPA gene"
"C1414209","DYSF gene","C4020858","C0005578","C1413100","CAMK2B gene"
"C1414209","DYSF gene","C4020858","C0005578","C1422833","DEAF1 gene"
"C1414209","DYSF gene","C4020858","C0005578","C1537678","MED12L gene"
"C1414209","DYSF gene","C4020858","C0005578","C1968837","PGAP1 gene"
"C1414209","DYSF gene","C4020858","C0005578","C1414423","EPB41L1 gene"
"C1414209","DYSF gene","C4020858","C0005578","C1538178","ZMYND11 gene"
"C1414209","DYSF gene","C4020858","C0005578","C1420219","SLC6A8 gene"
"C1414209","DYSF gene","C4020858","C0005578","C1538964","BRSK2 gene"
"C1414209","DYSF gene","C4020858","C0005578","C1418731","POLG gene"
"C1414209","DYSF gene","C4020858","C0005578","C1423086","PUM1 gene"
"C1414209","DYSF gene","C4020858","C0005578","C1412133","ACP5 gene"
"C1414209","DYSF gene","C4020858","C0005578","C1415289","GRIA4 gene"
"C1414209","DYSF gene","C4020858","C0005578","C1413327","ADA2 gene"
"C1414209","DYSF gene","C4020858","C0005578","C1420639","TCF4 gene"
"C1414209","DYSF gene","C4020858","C0005578","C1414090","DMXL2 gene"
"C1414209","DYSF gene","C4020858","C0005578","C1420546","SYNGAP1 gene"
"C1414209","DYSF gene","C4020858","C0005578","C1422489","CIC gene"
"C1414209","DYSF gene","C4020858","C0005578","C1425222","TRPM3 gene"
"C1414209","DYSF gene","C4020858","C0005578","C1413128","CASK gene"
"C1414209","DYSF gene","C4020858","C0005578","C1416617","KCNQ5 gene"
"C1414209","DYSF gene","C4020858","C0005578","C1419189","RAB11A gene"
"C1414209","DYSF gene","C4020858","C0005578","C0812297","FOXG1 gene"
"C1414209","DYSF gene","C4020858","C0005578","C1417585","MYT1L gene"
"C1414209","DYSF gene","C4020858","C0005578","C1413790","CTDP1 gene"
"C1414209","DYSF gene","C4020858","C0005578","C1412440","AP1S2 gene"
"C1414209","DYSF gene","C4020858","C0005578","C1415300","GRIN2B gene"
"C1414209","DYSF gene","C4020858","C0005578","C1418845","PPP3CA gene"
"C1414209","DYSF gene","C4020858","C0005578","C1413056","CACNA1B gene"
"C1414209","DYSF gene","C4020858","C0005578","C1412698","KIF1A gene"
"C1414209","DYSF gene","C4020858","C0005578","C1366517","SET gene"
"C1414209","DYSF gene","C4020858","C0005578","C1420506","STXBP1 gene"
"C1414209","DYSF gene","C4020858","C0005578","C1366757","ERCC6 gene"
"C1414209","DYSF gene","C4020858","C0005578","C1825005","DYNC1H1 gene"
"C1414209","DYSF gene","C4020858","C0005578","C1537418","IQSEC1 gene"
"C1414209","DYSF gene","C4020858","C0005578","C1426079","DOCK8 gene"
"C1414209","DYSF gene","C4020858","C0005578","C1420103","SLC16A2 gene"
"C1414209","DYSF gene","C4020858","C0005578","C1425394","ELP2 gene"
"C1414209","DYSF gene","C4020858","C0005578","C1425272","ARX gene"
"C1414209","DYSF gene","C4020858","C0005578","C1426942","MBD5 gene"
"C1414209","DYSF gene","C4020858","C0005578","C1540127","TUBB4A gene"
"C1414209","DYSF gene","C4020858","C0005578","C1413072","CACNG2 gene"
"C1414209","DYSF gene","C4020858","C0005578","C1335202","PDGFRB gene"
"C1414209","DYSF gene","C4020858","C0005578","C1335837","SLC2A1 gene"
"C1414209","DYSF gene","C4020858","C0005578","C1413099","CAMK2A gene"
"C1414209","DYSF gene","C4020858","C0005578","C1417098","MECP2 gene"
"C1414209","DYSF gene","C4020858","C0005578","C1333356","ERCC2 gene"
"C1414209","DYSF gene","C4020858","C0005578","C1415298","GRIN1 gene"
"C1414209","DYSF gene","C4020858","C0005578","C1415553","HIVEP2 gene"
"C1414209","DYSF gene","C4020858","C0005578","C1418654","PLP1 gene"
"C1414209","DYSF gene","C4020858","C0005578","C1426004","ASH1L gene"
"C1414209","DYSF gene","C4020858","C0005578","C1416632","KIF1C gene"
"C1414209","DYSF gene","C4020858","C0005578","C1412054","AARS1 gene"
"C1414209","DYSF gene","C4020858","C0005578","C1366550","GNAS gene"
"C1414209","DYSF gene","C4020858","C0005578","C1539922","TAOK1 gene"
"C1414209","DYSF gene","C4020858","C0005578","C0919524","ATM gene"
"C1414209","DYSF gene","C4020858","C0005578","C2240268","TRAPPC11 gene"
"C1414209","DYSF gene","C4020858","C0005578","C1417250","MRE11 gene"
"C1414209","DYSF gene","C4020858","C0005578","C1414273","EEF1A2 gene"
"C1414209","DYSF gene","C4020858","C0005578","C1415701","HPRT1 gene"
"C1414209","DYSF gene","C4020858","C0005578","C1413827","CUX1 gene"
"C1414209","DYSF gene","C4020858","C0005578","C1538489","NSUN2 gene"
"C1414209","DYSF gene","C4020858","C0005578","C1427986","KIRREL3 gene"
"C1414209","DYSF gene","C4020858","C0005578","C1413512","CLTC gene"
"C1414209","DYSF gene","C4020858","C0005578","C1419818","SARS1 gene"
"C1414209","DYSF gene","C4020858","C0005578","C1415127","GM2A gene"
"C1414209","DYSF gene","C4020858","C0005578","C1384616","NKX2-1 gene"
"C1414209","DYSF gene","C4020858","C0005578","C1419866","SCN8A gene"
"C1414209","DYSF gene","C4020858","C0005578","C1413272","CDH15 gene"
"C1414209","DYSF gene","C4020858","C0005578","C1537460","WASHC4 gene"
"C1414209","DYSF gene","C4020858","C0005578","C1412688","ATP7A gene"
"C1414209","DYSF gene","C4020858","C0005578","C1822703","SH2B1 gene"
"C1414209","DYSF gene","C4020858","C0005578","C1414209","DYSF gene"
"C1414209","DYSF gene","C0700251","C0005578","C1539750","SEPTIN9 gene"
"C1414209","DYSF gene","C0700251","C0005578","C1414209","DYSF gene"
"C1414209","DYSF gene","C0686353","C0005578","C1412136","ACTA1 gene"
"C1414209","DYSF gene","C0686353","C0005578","C1414612","FHL1 gene"
"C1414209","DYSF gene","C0686353","C0005578","C1414386","EMD gene"
"C1414209","DYSF gene","C0686353","C0005578","C1420005","SGCA gene"
"C1414209","DYSF gene","C0686353","C0005578","C2829592","CRPPA gene"
"C1414209","DYSF gene","C0686353","C0005578","C1413902","DAG1 gene"
"C1414209","DYSF gene","C0686353","C0005578","C1426379","POMT2 gene"
"C1414209","DYSF gene","C0686353","C0005578","C1424731","SYNE2 gene"
"C1414209","DYSF gene","C0686353","C0005578","C1415639","HNRNPDL gene"
"C1414209","DYSF gene","C0686353","C0005578","C1424736","SYNE1 gene"
"C1414209","DYSF gene","C0686353","C0005578","C1540016","TMEM43 gene"
"C1414209","DYSF gene","C0686353","C0005578","C1428652","ANO5 gene"
"C1414209","DYSF gene","C0686353","C0005578","C1415634","HNRNPA1 gene"
"C1414209","DYSF gene","C0686353","C0005578","C1416877","LMNA gene"
"C1414209","DYSF gene","C0686353","C0005578","C2240268","TRAPPC11 gene"
"C1414209","DYSF gene","C0686353","C0005578","C1412856","BVES gene"
"C1414209","DYSF gene","C0686353","C0005578","C1424232","TRIM32 gene"
"C1414209","DYSF gene","C0686353","C0005578","C1425226","FKRP gene"
"C1414209","DYSF gene","C0686353","C0005578","C1413113","CAPN3 gene"
"C1414209","DYSF gene","C0686353","C0005578","C1414209","DYSF gene"
"C1423546","XYLT1 gene","C0004153","C0005578","C1412137","ACTA2 gene"
"C1423546","XYLT1 gene","C0004153","C0005578","C1336625","TGFBR3 gene"
"C1423546","XYLT1 gene","C0004153","C0005578","C1427941","ANGPTL6 gene"
"C1423546","XYLT1 gene","C0004153","C0005578","C1413893","CYP7A1 gene"
"C1423546","XYLT1 gene","C0004153","C0005578","C1425063","THSD1 gene"
"C1423546","XYLT1 gene","C0004153","C0005578","C1413750","CSF2RA gene"
"C1423546","XYLT1 gene","C0004153","C0005578","C1422736","NPC2 gene"
"C1423546","XYLT1 gene","C0004153","C0005578","C1824130","CEP19 gene"
"C1423546","XYLT1 gene","C0004153","C0005578","C1332790","CSF2RB gene"
"C1423546","XYLT1 gene","C0004153","C0005578","C1417776","NPC1 gene"
"C1423546","XYLT1 gene","C0004153","C0005578","C1414440","ERCC8 gene"
"C1423546","XYLT1 gene","C0004153","C0005578","C1415050","GGCX gene"
"C1423546","XYLT1 gene","C0004153","C0005578","C1537558","LDLRAP1 gene"
"C1423546","XYLT1 gene","C0004153","C0005578","C1413864","CYP27A1 gene"
"C1423546","XYLT1 gene","C0004153","C0005578","C1422255","ABCG5 gene"
"C1423546","XYLT1 gene","C0004153","C0005578","C1419827","SC5D gene"
"C1423546","XYLT1 gene","C0004153","C0005578","C1412290","AGXT gene"
"C1423546","XYLT1 gene","C0004153","C0005578","C1422256","ABCG8 gene"
"C1423546","XYLT1 gene","C0004153","C0005578","C1416804","LCAT gene"
"C1423546","XYLT1 gene","C0004153","C0005578","C1415533","HGD gene"
"C1423546","XYLT1 gene","C0004153","C0005578","C1416867","LIPC gene"
"C1423546","XYLT1 gene","C0004153","C0005578","C1420850","TNXB gene"
"C1423546","XYLT1 gene","C0004153","C0005578","C1366529","LDLR gene"
"C1423546","XYLT1 gene","C0004153","C0005578","C1823988","ZNF687 gene"
"C1423546","XYLT1 gene","C0004153","C0005578","C1412058","ABCA1 gene"
"C1423546","XYLT1 gene","C0004153","C0005578","C1412469","APOA2 gene"
"C1423546","XYLT1 gene","C0004153","C0005578","C1416587","KCNJ5 gene"
"C1423546","XYLT1 gene","C0004153","C0005578","C1366583","ENG gene"
"C1423546","XYLT1 gene","C0004153","C0005578","C1424668","PPP1R17 gene"
"C1423546","XYLT1 gene","C0004153","C0005578","C1412481","APOE gene"
"C1423546","XYLT1 gene","C0004153","C0005578","C1412471","APOB gene"
"C1423546","XYLT1 gene","C0004153","C0005578","C1414433","EPHX2 gene"
"C1423546","XYLT1 gene","C0004153","C0005578","C1412081","ABCC6 gene"
"C1423546","XYLT1 gene","C0004153","C0005578","C1415492","SERPIND1 gene"
"C1423546","XYLT1 gene","C0004153","C0005578","C1426592","PCSK9 gene"
"C1423546","XYLT1 gene","C0004153","C0005578","C1424878","APOA5 gene"
"C1423546","XYLT1 gene","C0004153","C0005578","C1421586","ZMPSTE24 gene"
"C1423546","XYLT1 gene","C0004153","C0005578","C1416877","LMNA gene"
"C1423546","XYLT1 gene","C0004153","C0005578","C1414461","ESR1 gene"
"C1423546","XYLT1 gene","C0004153","C0005578","C1335238","PPARG gene"
"C1423546","XYLT1 gene","C0004153","C0005578","C1412355","ALMS1 gene"
"C1423546","XYLT1 gene","C0004153","C0005578","C1412573","ASAH1 gene"
"C1423546","XYLT1 gene","C0004153","C0005578","C0919538","TGFBR2 gene"
"C1423546","XYLT1 gene","C0004153","C0005578","C1334539","MYLK gene"
"C1423546","XYLT1 gene","C0004153","C0005578","C1427242","ANTXR1 gene"
"C1423546","XYLT1 gene","C0004153","C0005578","C1334349","LOX gene"
"C1423546","XYLT1 gene","C0004153","C0005578","C1366757","ERCC6 gene"
"C1423546","XYLT1 gene","C0004153","C0005578","C1826632","BRCC3 gene"
"C1423546","XYLT1 gene","C0004153","C0005578","C1423547","XYLT2 gene"
"C1423546","XYLT1 gene","C0004153","C0005578","C1414407","ENPP1 gene"
"C1423546","XYLT1 gene","C0004153","C0005578","C1424954","BANF1 gene"
"C1423546","XYLT1 gene","C0004153","C0005578","C1415063","GHR gene"
"C1423546","XYLT1 gene","C0004153","C0005578","C1420259","SMPD1 gene"
"C1423546","XYLT1 gene","C0004153","C0005578","C1336622","TGFB3 gene"
"C1423546","XYLT1 gene","C0004153","C0005578","C1337007","WRN gene"
"C1423546","XYLT1 gene","C0004153","C0005578","C0694891","SMAD4 gene"
"C1423546","XYLT1 gene","C0004153","C0005578","C1418929","PRKG1 gene"
"C1423546","XYLT1 gene","C0004153","C0005578","C1428886","MFAP5 gene"
"C1423546","XYLT1 gene","C0004153","C0005578","C1334538","MYH11 gene"
"C1423546","XYLT1 gene","C0004153","C0005578","C1414382","ELN gene"
"C1423546","XYLT1 gene","C0004153","C0005578","C1336624","TGFBR1 gene"
"C1423546","XYLT1 gene","C0004153","C0005578","C1336621","TGFB2 gene"
"C1423546","XYLT1 gene","C0004153","C0005578","C1414542","FBN1 gene"
"C1423546","XYLT1 gene","C0004153","C0005578","C1417039","MAT2A gene"
"C1423546","XYLT1 gene","C0004153","C0005578","C1414676","FOXE3 gene"
"C1423546","XYLT1 gene","C0004153","C0005578","C1415090","GLB1 gene"
"C1423546","XYLT1 gene","C0004153","C0005578","C1413581","COL3A1 gene"
"C1423546","XYLT1 gene","C0004153","C0005578","C0919432","SMAD3 gene"
"C1423546","XYLT1 gene","C0004153","C0005578","C1337092","CCL2 gene"
"C1423546","XYLT1 gene","C0004153","C0005578","C1423546","XYLT1 gene"
"C1423546","XYLT1 gene","C0018801","C0005578","C1826259","MLXIPL gene"
"C1423546","XYLT1 gene","C0018801","C0005578","C1419980","SF3B1 gene"
"C1423546","XYLT1 gene","C0018801","C0005578","C1416473","IRF5 gene"
"C1423546","XYLT1 gene","C0018801","C0005578","C1415229","GPR35 gene"
"C1423546","XYLT1 gene","C0018801","C0005578","C1332701","CCR6 gene"
"C1423546","XYLT1 gene","C0018801","C0005578","C1413791","CCN2 gene"
"C1423546","XYLT1 gene","C0018801","C0005578","C1413485","CLIC2 gene"
"C1423546","XYLT1 gene","C0018801","C0005578","C1417377","MST1 gene"
"C1423546","XYLT1 gene","C0018801","C0005578","C1414083","DMD gene"
"C1423546","XYLT1 gene","C0018801","C0005578","C1419872","SCO1 gene"
"C1423546","XYLT1 gene","C0018801","C0005578","C1423607","HAMP gene"
"C1423546","XYLT1 gene","C0018801","C0005578","C1823334","TMEM70 gene"
"C1423546","XYLT1 gene","C0018801","C0005578","C1417530","MYD88 gene"
"C1423546","XYLT1 gene","C0018801","C0005578","C1824950","DNAJC19 gene"
"C1423546","XYLT1 gene","C0018801","C0005578","C1825692","TET2 gene"
"C1423546","XYLT1 gene","C0018801","C0005578","C1423020","GTPBP3 gene"
"C1423546","XYLT1 gene","C0018801","C0005578","C1414899","GAA gene"
"C1423546","XYLT1 gene","C0018801","C0005578","C1824130","CEP19 gene"
"C1423546","XYLT1 gene","C0018801","C0005578","C1417088","MDH2 gene"
"C1423546","XYLT1 gene","C0018801","C0005578","C1425364","VPS33A gene"
"C1423546","XYLT1 gene","C0018801","C0005578","C1415462","HADHB gene"
"C1423546","XYLT1 gene","C0018801","C0005578","C1414812","FXN gene"
"C1423546","XYLT1 gene","C0018801","C0005578","C1417640","NDUFB8 gene"
"C1423546","XYLT1 gene","C0018801","C0005578","C1415529","HJV gene"
"C1423546","XYLT1 gene","C0018801","C0005578","C1425806","NDUFAF1 gene"
"C1423546","XYLT1 gene","C0018801","C0005578","C1418543","PHYH gene"
"C1423546","XYLT1 gene","C0018801","C0005578","C1415460","HADHA gene"
"C1423546","XYLT1 gene","C0018801","C0005578","C1420160","SLC25A3 gene"
"C1423546","XYLT1 gene","C0018801","C0005578","C1539551","GATAD1 gene"
"C1423546","XYLT1 gene","C0018801","C0005578","C1427063","SLC25A26 gene"
"C1423546","XYLT1 gene","C0018801","C0005578","C1420527","SURF1 gene"
"C1423546","XYLT1 gene","C0018801","C0005578","C1412756","BCHE gene"
"C1423546","XYLT1 gene","C0018801","C0005578","C1421150","TRIP4 gene"
"C1423546","XYLT1 gene","C0018801","C0005578","C1420113","SLC17A5 gene"
"C1423546","XYLT1 gene","C0018801","C0005578","C1412647","ATP5F1A gene"
"C1423546","XYLT1 gene","C0018801","C0005578","C1439306","CP gene"
"C1423546","XYLT1 gene","C0018801","C0005578","C1442762","TF gene"
"C1423546","XYLT1 gene","C0018801","C0005578","C1421996","SLC2A10 gene"
"C1423546","XYLT1 gene","C0018801","C0005578","C1417645","NDUFS2 gene"
"C1423546","XYLT1 gene","C0018801","C0005578","C1824156","NDUFAF3 gene"
"C1423546","XYLT1 gene","C0018801","C0005578","C1427586","ACAD9 gene"
"C1423546","XYLT1 gene","C0018801","C0005578","C1826647","PPA2 gene"
"C1423546","XYLT1 gene","C0018801","C0005578","C1420140","SLC22A5 gene"
"C1423546","XYLT1 gene","C0018801","C0005578","C1422480","ELAC2 gene"
"C1423546","XYLT1 gene","C0018801","C0005578","C1420871","TPI1 gene"
"C1423546","XYLT1 gene","C0018801","C0005578","C0919516","MAX gene"
"C1423546","XYLT1 gene","C0018801","C0005578","C1420007","SGCD gene"
"C1423546","XYLT1 gene","C0018801","C0005578","C1415576","HLA-DRB1 gene"
"C1423546","XYLT1 gene","C0018801","C0005578","C1420609","TBX20 gene"
"C1423546","XYLT1 gene","C0018801","C0005578","C1419277","RASA1 gene"
"C1423546","XYLT1 gene","C0018801","C0005578","C1420152","SLC25A11 gene"
"C1423546","XYLT1 gene","C0018801","C0005578","C2240298","SDHAF2 gene"
"C1423546","XYLT1 gene","C0018801","C0005578","C1414073","DLST gene"
"C1423546","XYLT1 gene","C0018801","C0005578","C1420826","TNNI3 gene"
"C1423546","XYLT1 gene","C0018801","C0005578","C1428654","RBM20 gene"
"C1423546","XYLT1 gene","C0018801","C0005578","C1417548","MYL3 gene"
"C1423546","XYLT1 gene","C0018801","C0005578","C1423674","LDB3 gene"
"C1423546","XYLT1 gene","C0018801","C0005578","C1426311","TNNI3K gene"
"C1423546","XYLT1 gene","C0018801","C0005578","C1412731","BAG3 gene"
"C1423546","XYLT1 gene","C0018801","C0005578","C1334295","JUP gene"
"C1423546","XYLT1 gene","C0018801","C0005578","C1419873","SCO2 gene"
"C1423546","XYLT1 gene","C0018801","C0005578","C1823386","TMEM127 gene"
"C1423546","XYLT1 gene","C0018801","C0005578","C1413430","CITED2 gene"
"C1423546","XYLT1 gene","C0018801","C0005578","C1413980","DES gene"
"C1423546","XYLT1 gene","C0018801","C0005578","C1420872","TPM1 gene"
"C1423546","XYLT1 gene","C0018801","C0005578","C1826328","MTTP gene"
"C1423546","XYLT1 gene","C0018801","C0005578","C1416587","KCNJ5 gene"
"C1423546","XYLT1 gene","C0018801","C0005578","C1366583","ENG gene"
"C1423546","XYLT1 gene","C0018801","C0005578","C0694897","VHL gene"
"C1423546","XYLT1 gene","C0018801","C0005578","C1415033","GDF2 gene"
"C1423546","XYLT1 gene","C0018801","C0005578","C1418986","PSEN2 gene"
"C1423546","XYLT1 gene","C0018801","C0005578","C1415481","HBB gene"
"C1423546","XYLT1 gene","C0018801","C0005578","C1414637","FLNC gene"
"C1423546","XYLT1 gene","C0018801","C0005578","C1419864","SCN5A gene"
"C1423546","XYLT1 gene","C0018801","C0005578","C1412081","ABCC6 gene"
"C1423546","XYLT1 gene","C0018801","C0005578","C1414493","EYA4 gene"
"C1423546","XYLT1 gene","C0018801","C0005578","C1540016","TMEM43 gene"
"C1423546","XYLT1 gene","C0018801","C0005578","C1366767","ACVRL1 gene"
"C1423546","XYLT1 gene","C0018801","C0005578","C1414172","DSP gene"
"C1423546","XYLT1 gene","C0018801","C0005578","C1419857","SCN1B gene"
"C1423546","XYLT1 gene","C0018801","C0005578","C1538303","ATXN7 gene"
"C1423546","XYLT1 gene","C0018801","C0005578","C1418650","PLN gene"
"C1423546","XYLT1 gene","C0018801","C0005578","C1366530","FH gene"
"C1423546","XYLT1 gene","C0018801","C0005578","C1412166","ACTN2 gene"
"C1423546","XYLT1 gene","C0018801","C0005578","C1420758","TLL1 gene"
"C1423546","XYLT1 gene","C0018801","C0005578","C1412224","ADCY5 gene"
"C1423546","XYLT1 gene","C0018801","C0005578","C1424116","MYLK2 gene"
"C1423546","XYLT1 gene","C0018801","C0005578","C1419778","RYR1 gene"
"C1423546","XYLT1 gene","C0018801","C0005578","C1415138","GNA11 gene"
"C1423546","XYLT1 gene","C0018801","C0005578","C1384665","HFE gene"
"C1423546","XYLT1 gene","C0018801","C0005578","C1422171","CDH23 gene"
"C1423546","XYLT1 gene","C0018801","C0005578","C1425223","TRPM4 gene"
"C1423546","XYLT1 gene","C0018801","C0005578","C1418905","PRKAG2 gene"
"C1423546","XYLT1 gene","C0018801","C0005578","C1417541","MYH6 gene"
"C1423546","XYLT1 gene","C0018801","C0005578","C1420828","TNNT2 gene"
"C1423546","XYLT1 gene","C0018801","C0005578","C1414996","GATA6 gene"
"C1423546","XYLT1 gene","C0018801","C0005578","C1418985","PSEN1 gene"
"C1423546","XYLT1 gene","C0018801","C0005578","C1413146","CAV3 gene"
"C1423546","XYLT1 gene","C0018801","C0005578","C1414421","EPAS1 gene"
"C1423546","XYLT1 gene","C0018801","C0005578","C1336929","VCL gene"
"C1423546","XYLT1 gene","C0018801","C0005578","C1413064","CACNA1S gene"
"C1423546","XYLT1 gene","C0018801","C0005578","C1424456","KIF1B gene"
"C1423546","XYLT1 gene","C0018801","C0005578","C1825843","ACTC1 gene"
"C1423546","XYLT1 gene","C0018801","C0005578","C1414176","DTNA gene"
"C1423546","XYLT1 gene","C0018801","C0005578","C1419349","RFC2 gene"
"C1423546","XYLT1 gene","C0018801","C0005578","C1837729","STRADA gene"
"C1423546","XYLT1 gene","C0018801","C0005578","C1419908","SDHC gene"
"C1423546","XYLT1 gene","C0018801","C0005578","C1415634","HNRNPA1 gene"
"C1423546","XYLT1 gene","C0018801","C0005578","C1415636","HNRNPA2B1 gene"
"C1423546","XYLT1 gene","C0018801","C0005578","C1419862","SCN4A gene"
"C1423546","XYLT1 gene","C0018801","C0005578","C1419906","SDHA gene"
"C1423546","XYLT1 gene","C0018801","C0005578","C1416877","LMNA gene"
"C1423546","XYLT1 gene","C0018801","C0005578","C1420271","SNAP29 gene"
"C1423546","XYLT1 gene","C0018801","C0005578","C1428017","MYPN gene"
"C1423546","XYLT1 gene","C0018801","C0005578","C1420600","TBL2 gene"
"C1423546","XYLT1 gene","C0018801","C0005578","C1418479","PEX7 gene"
"C1423546","XYLT1 gene","C0018801","C0005578","C1335238","PPARG gene"
"C1423546","XYLT1 gene","C0018801","C0005578","C1419128","CAVIN1 gene"
"C1423546","XYLT1 gene","C0018801","C0005578","C1540185","ADAMTSL2 gene"
"C1423546","XYLT1 gene","C0018801","C0005578","C1415478","HBA2 gene"
"C1423546","XYLT1 gene","C0018801","C0005578","C1824747","CLIP2 gene"
"C1423546","XYLT1 gene","C0018801","C0005578","C0694890","RET gene"
"C1423546","XYLT1 gene","C0018801","C0005578","C1826757","RAB3GAP2 gene"
"C1423546","XYLT1 gene","C0018801","C0005578","C1826473","NSMCE2 gene"
"C1423546","XYLT1 gene","C0018801","C0005578","C1334342","LIMK1 gene"
"C1423546","XYLT1 gene","C0018801","C0005578","C1412355","ALMS1 gene"
"C1423546","XYLT1 gene","C0018801","C0005578","C1414298","EFEMP2 gene"
"C1423546","XYLT1 gene","C0018801","C0005578","C1420639","TCF4 gene"
"C1423546","XYLT1 gene","C0018801","C0005578","C1418907","PRKAR1A gene"
"C1423546","XYLT1 gene","C0018801","C0005578","C1422337","PRDM16 gene"
"C1423546","XYLT1 gene","C0018801","C0005578","C1419909","SDHD gene"
"C1423546","XYLT1 gene","C0018801","C0005578","C1417608","NCF1 gene"
"C1423546","XYLT1 gene","C0018801","C0005578","C1423761","BSCL2 gene"
"C1423546","XYLT1 gene","C0018801","C0005578","C1415349","GTF2IRD1 gene"
"C1423546","XYLT1 gene","C0018801","C0005578","C1826336","MYSM1 gene"
"C1423546","XYLT1 gene","C0018801","C0005578","C1414995","GATA4 gene"
"C1423546","XYLT1 gene","C0018801","C0005578","C1413784","NKX2-5 gene"
"C1423546","XYLT1 gene","C0018801","C0005578","C1332424","BMP2 gene"
"C1423546","XYLT1 gene","C0018801","C0005578","C1415347","GTF2I gene"
"C1423546","XYLT1 gene","C0018801","C0005578","C1419018","PSMB8 gene"
"C1423546","XYLT1 gene","C0018801","C0005578","C1415882","IDS gene"
"C1423546","XYLT1 gene","C0018801","C0005578","C1421222","TTN gene"
"C1423546","XYLT1 gene","C0018801","C0005578","C1439334","GLA gene"
"C1423546","XYLT1 gene","C0018801","C0005578","C1416380","IKBKG gene"
"C1423546","XYLT1 gene","C0018801","C0005578","C1423547","XYLT2 gene"
"C1423546","XYLT1 gene","C0018801","C0005578","C1414407","ENPP1 gene"
"C1423546","XYLT1 gene","C0018801","C0005578","C1425654","COG7 gene"
"C1423546","XYLT1 gene","C0018801","C0005578","C1420498","STX1A gene"
"C1423546","XYLT1 gene","C0018801","C0005578","C1414541","FBLN5 gene"
"C1423546","XYLT1 gene","C0018801","C0005578","C1706652","AFF4 gene"
"C1423546","XYLT1 gene","C0018801","C0005578","C1412742","BAZ1B gene"
"C1423546","XYLT1 gene","C0018801","C0005578","C1538681","PLOD1 gene"
"C1423546","XYLT1 gene","C0018801","C0005578","C1417098","MECP2 gene"
"C1423546","XYLT1 gene","C0018801","C0005578","C0087140","FOS gene"
"C1423546","XYLT1 gene","C0018801","C0005578","C1337007","WRN gene"
"C1423546","XYLT1 gene","C0018801","C0005578","C1419907","SDHB gene"
"C1423546","XYLT1 gene","C0018801","C0005578","C1417503","TRIM37 gene"
"C1423546","XYLT1 gene","C0018801","C0005578","C1415477","HBA1 gene"
"C1423546","XYLT1 gene","C0018801","C0005578","C1421231","TUBB gene"
"C1423546","XYLT1 gene","C0018801","C0005578","C0694891","SMAD4 gene"
"C1423546","XYLT1 gene","C0018801","C0005578","C1414123","DNMT3A gene"
"C1423546","XYLT1 gene","C0018801","C0005578","C1417542","MYH7 gene"
"C1423546","XYLT1 gene","C0018801","C0005578","C1332773","COL1A2 gene"
"C1423546","XYLT1 gene","C0018801","C0005578","C1415068","GJA1 gene"
"C1423546","XYLT1 gene","C0018801","C0005578","C0694888","PTEN gene"
"C1423546","XYLT1 gene","C0018801","C0005578","C1825380","GNPTAB gene"
"C1423546","XYLT1 gene","C0018801","C0005578","C1414382","ELN gene"
"C1423546","XYLT1 gene","C0018801","C0005578","C1423899","SELENON gene"
"C1423546","XYLT1 gene","C0018801","C0005578","C1537399","IFIH1 gene"
"C1423546","XYLT1 gene","C0018801","C0005578","C1335872","STAT1 gene"
"C1423546","XYLT1 gene","C0018801","C0005578","C3147174","EPG5 gene"
"C1423546","XYLT1 gene","C0018801","C0005578","C1333543","FGFR3 gene"
"C1423546","XYLT1 gene","C0018801","C0005578","C1412672","ATP6V1A gene"
"C1423546","XYLT1 gene","C0018801","C0005578","C1420118","SLC19A2 gene"
"C1423546","XYLT1 gene","C0018801","C0005578","C1414542","FBN1 gene"
"C1423546","XYLT1 gene","C0018801","C0005578","C1538052","NDUFB11 gene"
"C1423546","XYLT1 gene","C0018801","C0005578","C1538686","PNPLA2 gene"
"C1423546","XYLT1 gene","C0018801","C0005578","C1333669","GDNF gene"
"C1423546","XYLT1 gene","C0018801","C0005578","C0085113","NF1 gene"
"C1423546","XYLT1 gene","C0018801","C0005578","C1421437","VCP gene"
"C1423546","XYLT1 gene","C0018801","C0005578","C1414635","FLNA gene"
"C1423546","XYLT1 gene","C0018801","C0005578","C1415090","GLB1 gene"
"C1423546","XYLT1 gene","C0018801","C0005578","C1414594","FGD1 gene"
"C1423546","XYLT1 gene","C0018801","C0005578","C1332669","CAV1 gene"
"C1423546","XYLT1 gene","C0018801","C0005578","C1335641","RPS19 gene"
"C1423546","XYLT1 gene","C0018801","C0005578","C1413136","CASR gene"
"C1423546","XYLT1 gene","C0018801","C0005578","C1417030","MAPRE2 gene"
"C1423546","XYLT1 gene","C0018801","C0005578","C1332772","COL1A1 gene"
"C1423546","XYLT1 gene","C0018801","C0005578","C1412282","AGPAT2 gene"
"C1423546","XYLT1 gene","C0018801","C0005578","C1540193","AGGF1 gene"
"C1423546","XYLT1 gene","C0018801","C0005578","C1423546","XYLT1 gene"
"C1423546","XYLT1 gene","C0264133","C0005578","C1413580","COL2A1 gene"
"C1423546","XYLT1 gene","C0264133","C0005578","C1538965","BRWD3 gene"
"C1423546","XYLT1 gene","C0264133","C0005578","C1425435","ATP6AP2 gene"
"C1423546","XYLT1 gene","C0264133","C0005578","C1538632","PHF8 gene"
"C1423546","XYLT1 gene","C0264133","C0005578","C1824015","ZNF711 gene"
"C1423546","XYLT1 gene","C0264133","C0005578","C1825317","FRMPD4 gene"
"C1423546","XYLT1 gene","C0264133","C0005578","C1413453","CLCN4 gene"
"C1423546","XYLT1 gene","C0264133","C0005578","C1824833","STEEP1 gene"
"C1423546","XYLT1 gene","C0264133","C0005578","C1540087","TSPAN7 gene"
"C1423546","XYLT1 gene","C0264133","C0005578","C1420554","SYP gene"
"C1423546","XYLT1 gene","C0264133","C0005578","C1332036","AGTR2 gene"
"C1423546","XYLT1 gene","C0264133","C0005578","C1538745","PTCHD1 gene"
"C1423546","XYLT1 gene","C0264133","C0005578","C1422530","PCDH19 gene"
"C1423546","XYLT1 gene","C0264133","C0005578","C1421840","ZNF81 gene"
"C1423546","XYLT1 gene","C0264133","C0005578","C1416398","IL1RAPL1 gene"
"C1423546","XYLT1 gene","C0264133","C0005578","C1414083","DMD gene"
"C1423546","XYLT1 gene","C0264133","C0005578","C1415038","GDI1 gene"
"C1423546","XYLT1 gene","C0264133","C0005578","C1421797","ZNF41 gene"
"C1423546","XYLT1 gene","C0264133","C0005578","C1424759","SLC9A7 gene"
"C1423546","XYLT1 gene","C0264133","C0005578","C1421907","FTSJ1 gene"
"C1423546","XYLT1 gene","C0264133","C0005578","C1412531","ARHGEF6 gene"
"C1423546","XYLT1 gene","C0264133","C0005578","C1414520","ACSL4 gene"
"C1423546","XYLT1 gene","C0264133","C0005578","C1421271","UBE2A gene"
"C1423546","XYLT1 gene","C0264133","C0005578","C1422016","USP27X gene"
"C1423546","XYLT1 gene","C0264133","C0005578","C1414065","DLG3 gene"
"C1423546","XYLT1 gene","C0264133","C0005578","C1417168","MID2 gene"
"C1423546","XYLT1 gene","C0264133","C0005578","C1418261","PAK3 gene"
"C1423546","XYLT1 gene","C0264133","C0005578","C1424331","RAB39B gene"
"C1423546","XYLT1 gene","C0264133","C0005578","C1823172","ALG13 gene"
"C1423546","XYLT1 gene","C0264133","C0005578","C1416536","ANOS1 gene"
"C1423546","XYLT1 gene","C0264133","C0005578","C1419823","SBF1 gene"
"C1423546","XYLT1 gene","C0264133","C0005578","C2681299","METTL23 gene"
"C1423546","XYLT1 gene","C0264133","C0005578","C1412291","AHCY gene"
"C1423546","XYLT1 gene","C0264133","C0005578","C1413713","CRLF1 gene"
"C1423546","XYLT1 gene","C0264133","C0005578","C1824247","NDUFAF6 gene"
"C1423546","XYLT1 gene","C0264133","C0005578","C1415046","GFPT1 gene"
"C1423546","XYLT1 gene","C0264133","C0005578","C1418674","PMM2 gene"
"C1423546","XYLT1 gene","C0264133","C0005578","C1412266","AEBP1 gene"
"C1423546","XYLT1 gene","C0264133","C0005578","C2240346","CCDC141 gene"
"C1423546","XYLT1 gene","C0264133","C0005578","C1414964","GAN gene"
"C1423546","XYLT1 gene","C0264133","C0005578","C1334873","NDRG1 gene"
"C1423546","XYLT1 gene","C0264133","C0005578","C1414133","DPAGT1 gene"
"C1423546","XYLT1 gene","C0264133","C0005578","C1413811","CTSC gene"
"C1423546","XYLT1 gene","C0264133","C0005578","C1825290","FEZF1 gene"
"C1423546","XYLT1 gene","C0264133","C0005578","C1823173","ALG14 gene"
"C1423546","XYLT1 gene","C0264133","C0005578","C1414139","DPM3 gene"
"C1423546","XYLT1 gene","C0264133","C0005578","C1539586","GMPPB gene"
"C1423546","XYLT1 gene","C0264133","C0005578","C1418876","PRDM5 gene"
"C1423546","XYLT1 gene","C0264133","C0005578","C1427955","ALG2 gene"
"C1423546","XYLT1 gene","C0264133","C0005578","C1424502","DHX30 gene"
"C1423546","XYLT1 gene","C0264133","C0005578","C1415032","GDF11 gene"
"C1423546","XYLT1 gene","C0264133","C0005578","C1421309","UCHL1 gene"
"C1423546","XYLT1 gene","C0264133","C0005578","C1420328","SOX5 gene"
"C1423546","XYLT1 gene","C0264133","C0005578","C1424958","ADGRV1 gene"
"C1423546","XYLT1 gene","C0264133","C0005578","C1539765","SH3TC2 gene"
"C1423546","XYLT1 gene","C0264133","C0005578","C1417765","CNOT3 gene"
"C1423546","XYLT1 gene","C0264133","C0005578","C1424905","WAC gene"
"C1423546","XYLT1 gene","C0264133","C0005578","C1826758","RAB7A gene"
"C1423546","XYLT1 gene","C0264133","C0005578","C3472710","NDNF gene"
"C1423546","XYLT1 gene","C0264133","C0005578","C1419873","SCO2 gene"
"C1423546","XYLT1 gene","C0264133","C0005578","C1333566","FLRT3 gene"
"C1423546","XYLT1 gene","C0264133","C0005578","C1413588","COL5A2 gene"
"C1423546","XYLT1 gene","C0264133","C0005578","C1538563","PACS1 gene"
"C1423546","XYLT1 gene","C0264133","C0005578","C1419867","SCN9A gene"
"C1423546","XYLT1 gene","C0264133","C0005578","C1336674","TRIO gene"
"C1423546","XYLT1 gene","C0264133","C0005578","C0079414","DCC gene"
"C1423546","XYLT1 gene","C0264133","C0005578","C1413183","CCNK gene"
"C1423546","XYLT1 gene","C0264133","C0005578","C1419857","SCN1B gene"
"C1423546","XYLT1 gene","C0264133","C0005578","C1420317","SOX10 gene"
"C1423546","XYLT1 gene","C0264133","C0005578","C1414908","GABRA1 gene"
"C1423546","XYLT1 gene","C0264133","C0005578","C1415036","GDF6 gene"
"C1423546","XYLT1 gene","C0264133","C0005578","C1419942","SEMA3A gene"
"C1423546","XYLT1 gene","C0264133","C0005578","C1419778","RYR1 gene"
"C1423546","XYLT1 gene","C0264133","C0005578","C1420499","STX1B gene"
"C1423546","XYLT1 gene","C0264133","C0005578","C1421479","WASF1 gene"
"C1423546","XYLT1 gene","C0264133","C0005578","C1425013","IL17RD gene"
"C1423546","XYLT1 gene","C0264133","C0005578","C2680470","TET3 gene"
"C1423546","XYLT1 gene","C0264133","C0005578","C1416610","KCNN3 gene"
"C1423546","XYLT1 gene","C0264133","C0005578","C1419856","SCN1A gene"
"C1423546","XYLT1 gene","C0264133","C0005578","C1413572","COL12A1 gene"
"C1423546","XYLT1 gene","C0264133","C0005578","C1419858","SCN2A gene"
"C1423546","XYLT1 gene","C0264133","C0005578","C1822725","SIL1 gene"
"C1423546","XYLT1 gene","C0264133","C0005578","C1414634","FLII gene"
"C1423546","XYLT1 gene","C0264133","C0005578","C1419349","RFC2 gene"
"C1423546","XYLT1 gene","C0264133","C0005578","C0812253","CRKL gene"
"C1423546","XYLT1 gene","C0264133","C0005578","C1426958","BRIP1 gene"
"C1423546","XYLT1 gene","C0264133","C0005578","C1421639","ZNF148 gene"
"C1423546","XYLT1 gene","C0264133","C0005578","C1423958","RAB33B gene"
"C1423546","XYLT1 gene","C0264133","C0005578","C1537419","IQSEC2 gene"
"C1423546","XYLT1 gene","C0264133","C0005578","C1420757","TLK2 gene"
"C1423546","XYLT1 gene","C0264133","C0005578","C1414528","FANCB gene"
"C1423546","XYLT1 gene","C0264133","C0005578","C1366882","MAPK1 gene"
"C1423546","XYLT1 gene","C0264133","C0005578","C1416877","LMNA gene"
"C1423546","XYLT1 gene","C0264133","C0005578","C1415498","HCN1 gene"
"C1423546","XYLT1 gene","C0264133","C0005578","C1708000","FANCM gene"
"C1423546","XYLT1 gene","C0264133","C0005578","C1412697","ATRX gene"
"C1423546","XYLT1 gene","C0264133","C0005578","C1412276","AGA gene"
"C1423546","XYLT1 gene","C0264133","C0005578","C1538832","RFWD3 gene"
"C1423546","XYLT1 gene","C0264133","C0005578","C1415493","HCFC1 gene"
"C1423546","XYLT1 gene","C0264133","C0005578","C1845100","HNRNPH2 gene"
"C1423546","XYLT1 gene","C0264133","C0005578","C1337031","XRCC2 gene"
"C1423546","XYLT1 gene","C0264133","C0005578","C1419240","RAD51 gene"
"C1423546","XYLT1 gene","C0264133","C0005578","C1428017","MYPN gene"
"C1423546","XYLT1 gene","C0264133","C0005578","C1422833","DEAF1 gene"
"C1423546","XYLT1 gene","C0264133","C0005578","C1537678","MED12L gene"
"C1423546","XYLT1 gene","C0264133","C0005578","C1823190","WDR11 gene"
"C1423546","XYLT1 gene","C0264133","C0005578","C1412097","ABL1 gene"
"C1423546","XYLT1 gene","C0264133","C0005578","C1420600","TBL2 gene"
"C1423546","XYLT1 gene","C0264133","C0005578","C1414988","GARS1 gene"
"C1423546","XYLT1 gene","C0264133","C0005578","C0694879","EXT2 gene"
"C1423546","XYLT1 gene","C0264133","C0005578","C1428492","TRMT1 gene"
"C1423546","XYLT1 gene","C0264133","C0005578","C1423560","SPRY4 gene"
"C1423546","XYLT1 gene","C0264133","C0005578","C1412674","ATP6V1B2 gene"
"C1423546","XYLT1 gene","C0264133","C0005578","C1417758","NONO gene"
"C1423546","XYLT1 gene","C0264133","C0005578","C1414531","FANCE gene"
"C1423546","XYLT1 gene","C0264133","C0005578","C1420874","TPM3 gene"
"C1423546","XYLT1 gene","C0264133","C0005578","C1539940","TBL1XR1 gene"
"C1423546","XYLT1 gene","C0264133","C0005578","C1425527","PROK2 gene"
"C1423546","XYLT1 gene","C0264133","C0005578","C1335841","SMARCA2 gene"
"C1423546","XYLT1 gene","C0264133","C0005578","C1826585","PIGG gene"
"C1423546","XYLT1 gene","C0264133","C0005578","C1415734","HS6ST1 gene"
"C1423546","XYLT1 gene","C0264133","C0005578","C1824747","CLIP2 gene"
"C1423546","XYLT1 gene","C0264133","C0005578","C1427252","CUL7 gene"
"C1423546","XYLT1 gene","C0264133","C0005578","C1427995","ZNF469 gene"
"C1423546","XYLT1 gene","C0264133","C0005578","C0812385","BCR gene"
"C1423546","XYLT1 gene","C0264133","C0005578","C1333532","FANCG gene"
"C1423546","XYLT1 gene","C0264133","C0005578","C1414527","FANCA gene"
"C1423546","XYLT1 gene","C0264133","C0005578","C1334342","LIMK1 gene"
"C1423546","XYLT1 gene","C0264133","C0005578","C1825562","IFITM5 gene"
"C1423546","XYLT1 gene","C0264133","C0005578","C1425756","RIN2 gene"
"C1423546","XYLT1 gene","C0264133","C0005578","C1415302","GRIN2D gene"
"C1423546","XYLT1 gene","C0264133","C0005578","C1412355","ALMS1 gene"
"C1423546","XYLT1 gene","C0264133","C0005578","C1822740","SLC10A7 gene"
"C1423546","XYLT1 gene","C0264133","C0005578","C1412718","B3GAT3 gene"
"C1423546","XYLT1 gene","C0264133","C0005578","C1538423","CHCHD10 gene"
"C1423546","XYLT1 gene","C0264133","C0005578","C1826947","RSPRY1 gene"
"C1423546","XYLT1 gene","C0264133","C0005578","C1420639","TCF4 gene"
"C1423546","XYLT1 gene","C0264133","C0005578","C1421987","RLIM gene"
"C1423546","XYLT1 gene","C0264133","C0005578","C1414917","GABRD gene"
"C1423546","XYLT1 gene","C0264133","C0005578","C1425214","B3GALT6 gene"
"C1423546","XYLT1 gene","C0264133","C0005578","C1421709","KAT6A gene"
"C1423546","XYLT1 gene","C0264133","C0005578","C2239906","ASXL3 gene"
"C1423546","XYLT1 gene","C0264133","C0005578","C1417608","NCF1 gene"
"C1423546","XYLT1 gene","C0264133","C0005578","C1418423","PDE4D gene"
"C1423546","XYLT1 gene","C0264133","C0005578","C1422496","NSD1 gene"
"C1423546","XYLT1 gene","C0264133","C0005578","C1413587","COL5A1 gene"
"C1423546","XYLT1 gene","C0264133","C0005578","C1825559","IARS2 gene"
"C1423546","XYLT1 gene","C0264133","C0005578","C0919538","TGFBR2 gene"
"C1423546","XYLT1 gene","C0264133","C0005578","C1825079","EXOC6B gene"
"C1423546","XYLT1 gene","C0264133","C0005578","C1427106","FANCL gene"
"C1423546","XYLT1 gene","C0264133","C0005578","C1423761","BSCL2 gene"
"C1423546","XYLT1 gene","C0264133","C0005578","C0808900","FLI1 gene"
"C1423546","XYLT1 gene","C0264133","C0005578","C1412454","AP4M1 gene"
"C1423546","XYLT1 gene","C0264133","C0005578","C0919509","FGFR1 gene"
"C1423546","XYLT1 gene","C0264133","C0005578","C1428293","SLX4 gene"
"C1423546","XYLT1 gene","C0264133","C0005578","C1414532","FANCF gene"
"C1423546","XYLT1 gene","C0264133","C0005578","C1413416","CHST3 gene"
"C1423546","XYLT1 gene","C0264133","C0005578","C1415349","GTF2IRD1 gene"
"C1423546","XYLT1 gene","C0264133","C0005578","C1422085","FBXO11 gene"
"C1423546","XYLT1 gene","C0264133","C0005578","C1334539","MYLK gene"
"C1423546","XYLT1 gene","C0264133","C0005578","C1415554","HK1 gene"
"C1423546","XYLT1 gene","C0264133","C0005578","C1419744","RPS6KA3 gene"
"C1423546","XYLT1 gene","C0264133","C0005578","C0812297","FOXG1 gene"
"C1423546","XYLT1 gene","C0264133","C0005578","C1335580","RAD51C gene"
"C1423546","XYLT1 gene","C0264133","C0005578","C1414995","GATA4 gene"
"C1423546","XYLT1 gene","C0264133","C0005578","C1333548","FIBP gene"
"C1423546","XYLT1 gene","C0264133","C0005578","C1333226","DLG4 gene"
"C1423546","XYLT1 gene","C0264133","C0005578","C2239867","PYROXD1 gene"
"C1423546","XYLT1 gene","C0264133","C0005578","C1425059","DACT1 gene"
"C1423546","XYLT1 gene","C0264133","C0005578","C1332730","CDK10 gene"
"C1423546","XYLT1 gene","C0264133","C0005578","C1412453","AP4E1 gene"
"C1423546","XYLT1 gene","C0264133","C0005578","C1421409","USP9X gene"
"C1423546","XYLT1 gene","C0264133","C0005578","C1835898","PALB2 gene"
"C1423546","XYLT1 gene","C0264133","C0005578","C1421175","TRPS1 gene"
"C1423546","XYLT1 gene","C0264133","C0005578","C1414530","FANCD2 gene"
"C1423546","XYLT1 gene","C0264133","C0005578","C1419925","SEC23A gene"
"C1423546","XYLT1 gene","C0264133","C0005578","C1334349","LOX gene"
"C1423546","XYLT1 gene","C0264133","C0005578","C1414187","DUSP6 gene"
"C1423546","XYLT1 gene","C0264133","C0005578","C1823744","SPRTN gene"
"C1423546","XYLT1 gene","C0264133","C0005578","C1420295","SNRPN gene"
"C1423546","XYLT1 gene","C0264133","C0005578","C1425540","ZDHHC9 gene"
"C1423546","XYLT1 gene","C0264133","C0005578","C1415347","GTF2I gene"
"C1423546","XYLT1 gene","C0264133","C0005578","C1412725","B4GALT7 gene"
"C1423546","XYLT1 gene","C0264133","C0005578","C1333710","GRIA3 gene"
"C1423546","XYLT1 gene","C0264133","C0005578","C1420506","STXBP1 gene"
"C1423546","XYLT1 gene","C0264133","C0005578","C1421222","TTN gene"
"C1423546","XYLT1 gene","C0264133","C0005578","C1414649","FMR1 gene"
"C1423546","XYLT1 gene","C0264133","C0005578","C1824719","CEP152 gene"
"C1423546","XYLT1 gene","C0264133","C0005578","C1826705","PROKR2 gene"
"C1423546","XYLT1 gene","C0264133","C0005578","C0598034","BRCA2 gene"
"C1423546","XYLT1 gene","C0264133","C0005578","C1858105","PUF60 gene"
"C1423546","XYLT1 gene","C0264133","C0005578","C1420103","SLC16A2 gene"
"C1423546","XYLT1 gene","C0264133","C0005578","C1423547","XYLT2 gene"
"C1423546","XYLT1 gene","C0264133","C0005578","C1334522","MMP2 gene"
"C1423546","XYLT1 gene","C0264133","C0005578","C0376571","BRCA1 gene"
"C1423546","XYLT1 gene","C0264133","C0005578","C1826630","BPTF gene"
"C1423546","XYLT1 gene","C0264133","C0005578","C1420449","STAG2 gene"
"C1423546","XYLT1 gene","C0264133","C0005578","C1425272","ARX gene"
"C1423546","XYLT1 gene","C0264133","C0005578","C1540147","UBE2T gene"
"C1423546","XYLT1 gene","C0264133","C0005578","C1414920","GABRG2 gene"
"C1423546","XYLT1 gene","C0264133","C0005578","C1415793","HSPG2 gene"
"C1423546","XYLT1 gene","C0264133","C0005578","C1333336","EP300 gene"
"C1423546","XYLT1 gene","C0264133","C0005578","C1420498","STX1A gene"
"C1423546","XYLT1 gene","C0264133","C0005578","C1421934","HDAC8 gene"
"C1423546","XYLT1 gene","C0264133","C0005578","C1416955","MAB21L2 gene"
"C1423546","XYLT1 gene","C0264133","C0005578","C1332100","APC2 gene"
"C1423546","XYLT1 gene","C0264133","C0005578","C1421455","VLDLR gene"
"C1423546","XYLT1 gene","C0264133","C0005578","C1412742","BAZ1B gene"
"C1423546","XYLT1 gene","C0264133","C0005578","C1427166","SLC39A13 gene"
"C1423546","XYLT1 gene","C0264133","C0005578","C1413826","CUL4B gene"
"C1423546","XYLT1 gene","C0264133","C0005578","C1336622","TGFB3 gene"
"C1423546","XYLT1 gene","C0264133","C0005578","C1825278","FANCI GENE"
"C1423546","XYLT1 gene","C0264133","C0005578","C1417098","MECP2 gene"
"C1423546","XYLT1 gene","C0264133","C0005578","C1538681","PLOD1 gene"
"C1423546","XYLT1 gene","C0264133","C0005578","C1427038","CHD7 gene"
"C1423546","XYLT1 gene","C0264133","C0005578","C1337090","CREBBP gene"
"C1423546","XYLT1 gene","C0264133","C0005578","C1416571","KCNH1 gene"
"C1423546","XYLT1 gene","C0264133","C0005578","C1419249","RAI1 gene"
"C1423546","XYLT1 gene","C0264133","C0005578","C1425693","PMPCA gene"
"C1423546","XYLT1 gene","C0264133","C0005578","C1822658","GORAB gene"
"C1423546","XYLT1 gene","C0264133","C0005578","C1538435","CANT1 gene"
"C1423546","XYLT1 gene","C0264133","C0005578","C1825683","KANSL1 gene"
"C1423546","XYLT1 gene","C0264133","C0005578","C0812379","SKI gene"
"C1423546","XYLT1 gene","C0264133","C0005578","C1426937","UPF3B gene"
"C1423546","XYLT1 gene","C0264133","C0005578","C1425544","ATP6V0A2 gene"
"C1423546","XYLT1 gene","C0264133","C0005578","C1425657","FKBP14 gene"
"C1423546","XYLT1 gene","C0264133","C0005578","C1415645","HNRNPK gene"
"C1423546","XYLT1 gene","C0264133","C0005578","C1420873","TPM2 gene"
"C1423546","XYLT1 gene","C0264133","C0005578","C1540183","VPS13B gene"
"C1423546","XYLT1 gene","C0264133","C0005578","C1416960","MAD2L2 gene"
"C1423546","XYLT1 gene","C0264133","C0005578","C0694891","SMAD4 gene"
"C1423546","XYLT1 gene","C0264133","C0005578","C1418478","PEX6 gene"
"C1423546","XYLT1 gene","C0264133","C0005578","C1539429","PIEZO2 gene"
"C1423546","XYLT1 gene","C0264133","C0005578","C1538450","CHD8 gene"
"C1423546","XYLT1 gene","C0264133","C0005578","C1366557","TGFB1 gene"
"C1423546","XYLT1 gene","C0264133","C0005578","C1332120","ATR gene"
"C1423546","XYLT1 gene","C0264133","C0005578","C1822686","SETD2 gene"
"C1423546","XYLT1 gene","C0264133","C0005578","C1417542","MYH7 gene"
"C1423546","XYLT1 gene","C0264133","C0005578","C1418929","PRKG1 gene"
"C1423546","XYLT1 gene","C0264133","C0005578","C1423021","ZEB2 gene"
"C1423546","XYLT1 gene","C0264133","C0005578","C1428886","MFAP5 gene"
"C1423546","XYLT1 gene","C0264133","C0005578","C1332773","COL1A2 gene"
"C1423546","XYLT1 gene","C0264133","C0005578","C1537677","MED12 gene"
"C1423546","XYLT1 gene","C0264133","C0005578","C1334538","MYH11 gene"
"C1423546","XYLT1 gene","C0264133","C0005578","C1416623","KDELR2 gene"
"C1423546","XYLT1 gene","C0264133","C0005578","C1420567","TACR3 gene"
"C1423546","XYLT1 gene","C0264133","C0005578","C1414382","ELN gene"
"C1423546","XYLT1 gene","C0264133","C0005578","C1414529","FANCC gene"
"C1423546","XYLT1 gene","C0264133","C0005578","C1412792","BGN gene"
"C1423546","XYLT1 gene","C0264133","C0005578","C1423899","SELENON gene"
"C1423546","XYLT1 gene","C0264133","C0005578","C1416696","KIF22 gene"
"C1423546","XYLT1 gene","C0264133","C0005578","C1414805","MTOR gene"
"C1423546","XYLT1 gene","C0264133","C0005578","C1414636","FLNB gene"
"C1423546","XYLT1 gene","C0264133","C0005578","C1419808","SALL1 gene"
"C1423546","XYLT1 gene","C0264133","C0005578","C2239313","CSGALNACT1 gene"
"C1423546","XYLT1 gene","C0264133","C0005578","C1414601","FGF17 gene"
"C1423546","XYLT1 gene","C0264133","C0005578","C1419152","PYCR1 gene"
"C1423546","XYLT1 gene","C0264133","C0005578","C1427913","SLC29A3 gene"
"C1423546","XYLT1 gene","C0264133","C0005578","C1419818","SARS1 gene"
"C1423546","XYLT1 gene","C0264133","C0005578","C1539114","CNKSR2 gene"
"C1423546","XYLT1 gene","C0264133","C0005578","C1333539","FGF8 gene"
"C1423546","XYLT1 gene","C0264133","C0005578","C1412452","AP4B1 gene"
"C1423546","XYLT1 gene","C0264133","C0005578","C1414542","FBN1 gene"
"C1423546","XYLT1 gene","C0264133","C0005578","C1336624","TGFBR1 gene"
"C1423546","XYLT1 gene","C0264133","C0005578","C1367472","FN1 gene"
"C1423546","XYLT1 gene","C0264133","C0005578","C1336621","TGFB2 gene"
"C1423546","XYLT1 gene","C0264133","C0005578","C1412386","AMMECR1 gene"
"C1423546","XYLT1 gene","C0264133","C0005578","C1425291","TRPV4 gene"
"C1423546","XYLT1 gene","C0264133","C0005578","C1415511","HERC1 gene"
"C1423546","XYLT1 gene","C0264133","C0005578","C1333666","GDF5 gene"
"C1423546","XYLT1 gene","C0264133","C0005578","C1537526","LAS1L gene"
"C1423546","XYLT1 gene","C0264133","C0005578","C1417039","MAT2A gene"
"C1423546","XYLT1 gene","C0264133","C0005578","C1414635","FLNA gene"
"C1423546","XYLT1 gene","C0264133","C0005578","C1412688","ATP7A gene"
"C1423546","XYLT1 gene","C0264133","C0005578","C1414676","FOXE3 gene"
"C1423546","XYLT1 gene","C0264133","C0005578","C1417134","MGAT2 gene"
"C1423546","XYLT1 gene","C0264133","C0005578","C1823293","TMCO1 gene"
"C1423546","XYLT1 gene","C0264133","C0005578","C1414594","FGD1 gene"
"C1423546","XYLT1 gene","C0264133","C0005578","C1423836","SALL4 gene"
"C1423546","XYLT1 gene","C0264133","C0005578","C0919432","SMAD3 gene"
"C1423546","XYLT1 gene","C0264133","C0005578","C1412455","AP4S1 gene"
"C1423546","XYLT1 gene","C0264133","C0005578","C1333358","ERCC4 gene"
"C1423546","XYLT1 gene","C0264133","C0005578","C1539322","DYM gene"
"C1423546","XYLT1 gene","C0264133","C0005578","C1417030","MAPRE2 gene"
"C1423546","XYLT1 gene","C0264133","C0005578","C1824959","DPH1 gene"
"C1423546","XYLT1 gene","C0264133","C0005578","C1416890","LMX1B gene"
"C1423546","XYLT1 gene","C0264133","C0005578","C1415521","HESX1 gene"
"C1423546","XYLT1 gene","C0264133","C0005578","C1412677","ATP6V1E1 gene"
"C1423546","XYLT1 gene","C0264133","C0005578","C1332772","COL1A1 gene"
"C1423546","XYLT1 gene","C0264133","C0005578","C1420614","TBX4 gene"
"C1423546","XYLT1 gene","C0264133","C0005578","C1826259","MLXIPL gene"
"C1423546","XYLT1 gene","C0264133","C0005578","C1412137","ACTA2 gene"
"C1423546","XYLT1 gene","C0264133","C0005578","C1826618","AIFM1 gene"
"C1423546","XYLT1 gene","C0264133","C0005578","C1335844","SMARCA5 gene"
"C1423546","XYLT1 gene","C0264133","C0005578","C1423546","XYLT1 gene"
"C1423546","XYLT1 gene","C0002962","C0005578","C0694888","PTEN gene"
"C1423546","XYLT1 gene","C0002962","C0005578","C1415567","HLA-DPA1 gene"
"C1423546","XYLT1 gene","C0002962","C0005578","C1333900","HLA-DPB1 gene"
"C1423546","XYLT1 gene","C0002962","C0005578","C1335267","PRTN3 gene"
"C1423546","XYLT1 gene","C0002962","C0005578","C1825692","TET2 gene"
"C1423546","XYLT1 gene","C0002962","C0005578","C1418674","PMM2 gene"
"C1423546","XYLT1 gene","C0002962","C0005578","C1537558","LDLRAP1 gene"
"C1423546","XYLT1 gene","C0002962","C0005578","C1413864","CYP27A1 gene"
"C1423546","XYLT1 gene","C0002962","C0005578","C1422255","ABCG5 gene"
"C1423546","XYLT1 gene","C0002962","C0005578","C1422256","ABCG8 gene"
"C1423546","XYLT1 gene","C0002962","C0005578","C1416804","LCAT gene"
"C1423546","XYLT1 gene","C0002962","C0005578","C1416867","LIPC gene"
"C1423546","XYLT1 gene","C0002962","C0005578","C1422802","CRELD1 gene"
"C1423546","XYLT1 gene","C0002962","C0005578","C1366529","LDLR gene"
"C1423546","XYLT1 gene","C0002962","C0005578","C1412481","APOE gene"
"C1423546","XYLT1 gene","C0002962","C0005578","C1412471","APOB gene"
"C1423546","XYLT1 gene","C0002962","C0005578","C1412081","ABCC6 gene"
"C1423546","XYLT1 gene","C0002962","C0005578","C1426592","PCSK9 gene"
"C1423546","XYLT1 gene","C0002962","C0005578","C1332802","CTLA4 gene"
"C1423546","XYLT1 gene","C0002962","C0005578","C1334291","JAK2 gene"
"C1423546","XYLT1 gene","C0002962","C0005578","C1417834","NR2F2 gene"
"C1423546","XYLT1 gene","C0002962","C0005578","C1414996","GATA6 gene"
"C1423546","XYLT1 gene","C0002962","C0005578","C1419102","PTPN22 gene"
"C1423546","XYLT1 gene","C0002962","C0005578","C1421586","ZMPSTE24 gene"
"C1423546","XYLT1 gene","C0002962","C0005578","C1416877","LMNA gene"
"C1423546","XYLT1 gene","C0002962","C0005578","C1418558","PIGA gene"
"C1423546","XYLT1 gene","C0002962","C0005578","C0812295","MPL gene"
"C1423546","XYLT1 gene","C0002962","C0005578","C1414995","GATA4 gene"
"C1423546","XYLT1 gene","C0002962","C0005578","C1439334","GLA gene"
"C1423546","XYLT1 gene","C0002962","C0005578","C1423547","XYLT2 gene"
"C1423546","XYLT1 gene","C0002962","C0005578","C1414407","ENPP1 gene"
"C1423546","XYLT1 gene","C0002962","C0005578","C1442485","IDUA gene"
"C1423546","XYLT1 gene","C0002962","C0005578","C1423546","XYLT1 gene"
"C1423546","XYLT1 gene","C0012691","C0005578","C1423501","MBTPS2 gene"
"C1423546","XYLT1 gene","C0012691","C0005578","C1413513","CLTCL1 gene"
"C1423546","XYLT1 gene","C0012691","C0005578","C1415407","MACROH2A1 gene"
"C1423546","XYLT1 gene","C0012691","C0005578","C1419093","HACD1 gene"
"C1423546","XYLT1 gene","C0012691","C0005578","C1414612","FHL1 gene"
"C1423546","XYLT1 gene","C0012691","C0005578","C1420431","SSR4 gene"
"C1423546","XYLT1 gene","C0012691","C0005578","C1421271","UBE2A gene"
"C1423546","XYLT1 gene","C0012691","C0005578","C1417036","MASP1 gene"
"C1423546","XYLT1 gene","C0012691","C0005578","C1325331","IL6ST gene"
"C1423546","XYLT1 gene","C0012691","C0005578","C1822669","SEC31A gene"
"C1423546","XYLT1 gene","C0012691","C0005578","C1424826","COLEC11 gene"
"C1423546","XYLT1 gene","C0012691","C0005578","C1415110","GLRB gene"
"C1423546","XYLT1 gene","C0012691","C0005578","C1413573","COL13A1 gene"
"C1423546","XYLT1 gene","C0012691","C0005578","C1364142","SMO gene"
"C1423546","XYLT1 gene","C0012691","C0005578","C1823453","TMTC3 gene"
"C1423546","XYLT1 gene","C0012691","C0005578","C1420189","SLC35A3 gene"
"C1423546","XYLT1 gene","C0012691","C0005578","C1428532","ATAD1 gene"
"C1423546","XYLT1 gene","C0012691","C0005578","C1420596","TBCD gene"
"C1423546","XYLT1 gene","C0012691","C0005578","C1416888","LMOD3 gene"
"C1423546","XYLT1 gene","C0012691","C0005578","C1414110","DNASE1L3 gene"
"C1423546","XYLT1 gene","C0012691","C0005578","C1413376","CHAT gene"
"C1423546","XYLT1 gene","C0012691","C0005578","C1420220","SLC6A9 gene"
"C1423546","XYLT1 gene","C0012691","C0005578","C1420589","TARS1 gene"
"C1423546","XYLT1 gene","C0012691","C0005578","C1425194","EXOSC3 gene"
"C1423546","XYLT1 gene","C0012691","C0005578","C1333217","DHODH gene"
"C1423546","XYLT1 gene","C0012691","C0005578","C1420116","SLC18A3 gene"
"C1423546","XYLT1 gene","C0012691","C0005578","C1412266","AEBP1 gene"
"C1423546","XYLT1 gene","C0012691","C0005578","C1423775","ARFGEF2 gene"
"C1423546","XYLT1 gene","C0012691","C0005578","C1824571","CCDC47 gene"
"C1423546","XYLT1 gene","C0012691","C0005578","C1426494","SCARF2 gene"
"C1423546","XYLT1 gene","C0012691","C0005578","C1412285","AGRN gene"
"C1423546","XYLT1 gene","C0012691","C0005578","C1425226","FKRP gene"
"C1423546","XYLT1 gene","C0012691","C0005578","C1415009","GCDH gene"
"C1423546","XYLT1 gene","C0012691","C0005578","C1416489","ITGA7 gene"
"C1423546","XYLT1 gene","C0012691","C0005578","C1421996","SLC2A10 gene"
"C1423546","XYLT1 gene","C0012691","C0005578","C1425023","NGLY1 gene"
"C1423546","XYLT1 gene","C0012691","C0005578","C1423680","GEMIN4 gene"
"C1423546","XYLT1 gene","C0012691","C0005578","C1418752","POMT1 gene"
"C1423546","XYLT1 gene","C0012691","C0005578","C1415533","HGD gene"
"C1423546","XYLT1 gene","C0012691","C0005578","C1417571","MYO9A gene"
"C1423546","XYLT1 gene","C0012691","C0005578","C1539586","GMPPB gene"
"C1423546","XYLT1 gene","C0012691","C0005578","C1423902","MPLKIP gene"
"C1423546","XYLT1 gene","C0012691","C0005578","C1420150","SLC25A1 gene"
"C1423546","XYLT1 gene","C0012691","C0005578","C1426379","POMT2 gene"
"C1423546","XYLT1 gene","C0012691","C0005578","C1868689","MAP3K20 gene"
"C1423546","XYLT1 gene","C0012691","C0005578","C1538263","ALG9 gene"
"C1423546","XYLT1 gene","C0012691","C0005578","C1413356","CFL2 gene"
"C1423546","XYLT1 gene","C0012691","C0005578","C0242987","THRA gene"
"C1423546","XYLT1 gene","C0012691","C0005578","C1414539","FBLN1 gene"
"C1423546","XYLT1 gene","C0012691","C0005578","C1335248","PPP2R5D gene"
"C1423546","XYLT1 gene","C0012691","C0005578","C1413401","CHRNA1 gene"
"C1423546","XYLT1 gene","C0012691","C0005578","C1417547","MYL2 gene"
"C1423546","XYLT1 gene","C0012691","C0005578","C1423507","GPHN gene"
"C1423546","XYLT1 gene","C0012691","C0005578","C1540039","TOR1A gene"
"C1423546","XYLT1 gene","C0012691","C0005578","C1456396","SLC40A1 gene"
"C1423546","XYLT1 gene","C0012691","C0005578","C1427278","ERMARD gene"
"C1423546","XYLT1 gene","C0012691","C0005578","C1415654","HOXA11 gene"
"C1423546","XYLT1 gene","C0012691","C0005578","C1420091","SLC12A2 gene"
"C1423546","XYLT1 gene","C0012691","C0005578","C1412504","ARF1 gene"
"C1423546","XYLT1 gene","C0012691","C0005578","C1413588","COL5A2 gene"
"C1423546","XYLT1 gene","C0012691","C0005578","C1421418","VAMP1 gene"
"C1423546","XYLT1 gene","C0012691","C0005578","C1413411","CHRND gene"
"C1423546","XYLT1 gene","C0012691","C0005578","C1420215","SLC6A5 gene"
"C1423546","XYLT1 gene","C0012691","C0005578","C1420270","SNAP25 gene"
"C1423546","XYLT1 gene","C0012691","C0005578","C1417660","NEDD4L gene"
"C1423546","XYLT1 gene","C0012691","C0005578","C1418902","PRKACB gene"
"C1423546","XYLT1 gene","C0012691","C0005578","C1419778","RYR1 gene"
"C1423546","XYLT1 gene","C0012691","C0005578","C1424822","BICD2 gene"
"C1423546","XYLT1 gene","C0012691","C0005578","C1415107","GLRA1 gene"
"C1423546","XYLT1 gene","C0012691","C0005578","C1417004","MAP1B gene"
"C1423546","XYLT1 gene","C0012691","C0005578","C1420557","SYT2 gene"
"C1423546","XYLT1 gene","C0012691","C0005578","C1422359","SLC5A7 gene"
"C1423546","XYLT1 gene","C0012691","C0005578","C1423529","ANKH gene"
"C1423546","XYLT1 gene","C0012691","C0005578","C0162832","APC gene"
"C1423546","XYLT1 gene","C0012691","C0005578","C1413572","COL12A1 gene"
"C1423546","XYLT1 gene","C0012691","C0005578","C1420072","SIX1 gene"
"C1423546","XYLT1 gene","C0012691","C0005578","C1822725","SIL1 gene"
"C1423546","XYLT1 gene","C0012691","C0005578","C1332759","CHRM3 gene"
"C1423546","XYLT1 gene","C0012691","C0005578","C1419349","RFC2 gene"
